date,new_cases_smoothed,prediction
2020-01-05,0.0,1021.4225121908696
2020-01-06,0.0,1021.4225121908696
2020-01-07,0.0,1021.4225121908696
2020-01-08,0.0,1021.4225121908696
2020-01-09,0.0,1021.4225121908696
2020-01-10,0.29,1021.4225121908696
2020-01-11,0.29,1021.4225121908696
2020-01-12,6.43,1021.4225121908696
2020-01-13,6.43,1021.4225121908696
2020-01-14,6.43,1021.4225121908696
2020-01-15,6.43,1021.4225121908696
2020-01-16,6.43,1021.4225121908696
2020-01-17,6.43,1021.4225121908696
2020-01-18,6.43,1021.4225121908696
2020-01-19,12.86,1021.4225121908696
2020-01-20,12.86,1021.4225121908696
2020-01-21,12.86,1021.4225121908696
2020-01-22,12.86,1021.4225121908696
2020-01-23,12.86,1021.4225121908696
2020-01-24,12.86,1021.4225121908696
2020-01-25,12.86,1021.4225121908696
2020-01-26,270.86,1021.4225121908696
2020-01-27,270.86,1021.4225121908696
2020-01-28,270.86,1021.4225121908696
2020-01-29,270.86,1021.4225121908696
2020-01-30,270.86,1021.4225121908696
2020-01-31,270.86,1021.4225121908696
2020-02-01,270.86,1021.4225121908696
2020-02-02,1791.14,1021.4225121908696
2020-02-03,1791.14,1021.4225121908696
2020-02-04,1791.14,1021.4225121908696
2020-02-05,1791.14,1021.4225121908696
2020-02-06,1791.14,1021.4225121908696
2020-02-07,1791.14,1021.4225121908696
2020-02-08,1791.14,1021.4225121908696
2020-02-09,3283.57,1021.4225121908696
2020-02-10,3283.57,1021.4225121908696
2020-02-11,3283.57,1021.4225121908696
2020-02-12,3283.57,1021.4225121908696
2020-02-13,3283.57,1021.4225121908696
2020-02-14,3283.57,1021.4225121908696
2020-02-15,3283.57,1021.4225121908696
2020-02-16,4492.71,6162.982124335861
2020-02-17,4492.71,6162.982124335861
2020-02-18,4492.71,6162.982124335861
2020-02-19,4492.71,6162.982124335861
2020-02-20,4492.71,6162.982124335861
2020-02-21,4492.71,6162.982124335861
2020-02-22,4492.71,6162.982124335861
2020-02-23,1320.29,6162.982124335861
2020-02-24,1320.29,6162.982124335861
2020-02-25,1320.29,6162.982124335861
2020-02-26,1320.29,6162.982124335861
2020-02-27,1320.29,24597.207561051353
2020-02-28,1320.29,24597.207561051353
2020-02-29,1320.29,24597.207561051353
2020-03-01,1181.14,24597.207561051353
2020-03-02,1181.14,24597.207561051353
2020-03-03,1181.14,24597.207561051353
2020-03-04,1181.14,24597.207561051353
2020-03-05,1181.14,24597.207561051353
2020-03-06,1181.14,24597.207561051353
2020-03-07,1181.14,24597.207561051353
2020-03-08,2886.57,24597.207561051353
2020-03-09,2886.57,24597.207561051353
2020-03-10,2886.57,24597.207561051353
2020-03-11,2886.57,24597.207561051353
2020-03-12,2886.57,24597.207561051353
2020-03-13,2886.57,24597.207561051353
2020-03-14,2886.57,24597.207561051353
2020-03-15,8633.43,24597.207561051353
2020-03-16,8633.43,24597.207561051353
2020-03-17,8633.43,24597.207561051353
2020-03-18,8633.43,24597.207561051353
2020-03-19,8633.43,24597.207561051353
2020-03-20,8633.43,24597.207561051353
2020-03-21,8633.43,24597.207561051353
2020-03-22,24474.29,24597.207561051353
2020-03-23,24474.29,24597.207561051353
2020-03-24,24474.29,24597.207561051353
2020-03-25,24474.29,24597.207561051353
2020-03-26,24474.29,24597.207561051353
2020-03-27,24474.29,24597.207561051353
2020-03-28,24474.29,24597.207561051353
2020-03-29,50211.29,24597.207561051353
2020-03-30,50211.29,24597.207561051353
2020-03-31,50211.29,24597.207561051353
2020-04-01,50211.29,24597.207561051353
2020-04-02,50211.29,24597.207561051353
2020-04-03,50211.29,24597.207561051353
2020-04-04,50211.29,24597.207561051353
2020-04-05,66612.71,24597.207561051353
2020-04-06,66612.71,24597.207561051353
2020-04-07,66612.71,24597.207561051353
2020-04-08,66612.71,24597.207561051353
2020-04-09,66612.71,24597.207561051353
2020-04-10,66612.71,24597.207561051353
2020-04-11,66612.71,24597.207561051353
2020-04-12,74908.43,69148.8463966165
2020-04-13,74908.43,69148.8463966165
2020-04-14,74908.43,69148.8463966165
2020-04-15,74908.43,69148.8463966165
2020-04-16,74908.43,69148.8463966165
2020-04-17,74908.43,69148.8463966165
2020-04-18,74908.43,69148.8463966165
2020-04-19,72429.43,83528.53116173815
2020-04-20,72429.43,83528.53116173815
2020-04-21,72429.43,83528.53116173815
2020-04-22,72429.43,83528.53116173815
2020-04-23,72429.43,83528.53116173815
2020-04-24,72429.43,83528.53116173815
2020-04-25,72429.43,83528.53116173815
2020-04-26,77181.14,83528.53116173815
2020-04-27,77181.14,83528.53116173815
2020-04-28,77181.14,83528.53116173815
2020-04-29,77181.14,83528.53116173815
2020-04-30,77181.14,83528.53116173815
2020-05-01,77181.14,83528.53116173815
2020-05-02,77181.14,83528.53116173815
2020-05-03,77948.29,83528.53116173815
2020-05-04,77948.29,83528.53116173815
2020-05-05,77948.29,83528.53116173815
2020-05-06,77948.29,83528.53116173815
2020-05-07,77948.29,83528.53116173815
2020-05-08,77948.29,83528.53116173815
2020-05-09,77948.29,83528.53116173815
2020-05-10,83076.14,83528.53116173815
2020-05-11,83076.14,83528.53116173815
2020-05-12,83076.14,83528.53116173815
2020-05-13,83076.14,83528.53116173815
2020-05-14,83076.14,83528.53116173815
2020-05-15,83076.14,83528.53116173815
2020-05-16,83076.14,83528.53116173815
2020-05-17,87227.14,83528.53116173815
2020-05-18,87227.14,83528.53116173815
2020-05-19,87227.14,83528.53116173815
2020-05-20,87227.14,83528.53116173815
2020-05-21,87227.14,83528.53116173815
2020-05-22,87227.14,83528.53116173815
2020-05-23,87227.14,83528.53116173815
2020-05-24,99526.71,83528.53116173815
2020-05-25,99526.71,83528.53116173815
2020-05-26,99526.71,83528.53116173815
2020-05-27,99526.71,83528.53116173815
2020-05-28,99526.71,83528.53116173815
2020-05-29,99526.71,83528.53116173815
2020-05-30,99526.71,83528.53116173815
2020-05-31,104143.29,115755.83789431708
2020-06-01,104143.29,115755.83789431708
2020-06-02,104143.29,115755.83789431708
2020-06-03,104143.29,115755.83789431708
2020-06-04,104143.29,115755.83789431708
2020-06-05,104143.29,115755.83789431708
2020-06-06,104143.29,115755.83789431708
2020-06-07,120666.14,115755.83789431708
2020-06-08,120666.14,115755.83789431708
2020-06-09,120666.14,115755.83789431708
2020-06-10,120666.14,115755.83789431708
2020-06-11,120666.14,174086.12615482789
2020-06-12,120666.14,174086.12615482789
2020-06-13,120666.14,174086.12615482789
2020-06-14,128950.0,174086.12615482789
2020-06-15,128950.0,174086.12615482789
2020-06-16,128950.0,174086.12615482789
2020-06-17,128950.0,174086.12615482789
2020-06-18,128950.0,174086.12615482789
2020-06-19,128950.0,174086.12615482789
2020-06-20,128950.0,174086.12615482789
2020-06-21,147344.57,174086.12615482789
2020-06-22,147344.57,174086.12615482789
2020-06-23,147344.57,174086.12615482789
2020-06-24,147344.57,174086.12615482789
2020-06-25,147344.57,174086.12615482789
2020-06-26,147344.57,174086.12615482789
2020-06-27,147344.57,174086.12615482789
2020-06-28,165445.29,174086.12615482789
2020-06-29,165445.29,174086.12615482789
2020-06-30,165445.29,174086.12615482789
2020-07-01,165445.29,174086.12615482789
2020-07-02,165445.29,174086.12615482789
2020-07-03,165445.29,174086.12615482789
2020-07-04,165445.29,174086.12615482789
2020-07-05,189806.71,174086.12615482789
2020-07-06,189806.71,174086.12615482789
2020-07-07,189806.71,174086.12615482789
2020-07-08,189806.71,174086.12615482789
2020-07-09,189806.71,174086.12615482789
2020-07-10,189806.71,174086.12615482789
2020-07-11,189806.71,174086.12615482789
2020-07-12,204150.0,174086.12615482789
2020-07-13,204150.0,174086.12615482789
2020-07-14,204150.0,174086.12615482789
2020-07-15,204150.0,174086.12615482789
2020-07-16,204150.0,174086.12615482789
2020-07-17,204150.0,174086.12615482789
2020-07-18,204150.0,174086.12615482789
2020-07-19,224879.29,174086.12615482789
2020-07-20,224879.29,174086.12615482789
2020-07-21,224879.29,174086.12615482789
2020-07-22,224879.29,174086.12615482789
2020-07-23,224879.29,174086.12615482789
2020-07-24,224879.29,174086.12615482789
2020-07-25,224879.29,174086.12615482789
2020-07-26,248981.57,239632.38594065618
2020-07-27,248981.57,239632.38594065618
2020-07-28,248981.57,239632.38594065618
2020-07-29,248981.57,239632.38594065618
2020-07-30,248981.57,239632.38594065618
2020-07-31,248981.57,239632.38594065618
2020-08-01,248981.57,239632.38594065618
2020-08-02,262748.0,239632.38594065618
2020-08-03,262748.0,268133.6712217357
2020-08-04,262748.0,268133.6712217357
2020-08-05,262748.0,268133.6712217357
2020-08-06,262748.0,268133.6712217357
2020-08-07,262748.0,268133.6712217357
2020-08-08,262748.0,268133.6712217357
2020-08-09,262666.29,268133.6712217357
2020-08-10,262666.29,268133.6712217357
2020-08-11,262666.29,268133.6712217357
2020-08-12,262666.29,268133.6712217357
2020-08-13,262666.29,268133.6712217357
2020-08-14,262666.29,268133.6712217357
2020-08-15,262666.29,268133.6712217357
2020-08-16,269325.14,268133.6712217357
2020-08-17,269325.14,268133.6712217357
2020-08-18,269325.14,268133.6712217357
2020-08-19,269325.14,268133.6712217357
2020-08-20,269325.14,268133.6712217357
2020-08-21,269325.14,268133.6712217357
2020-08-22,269325.14,268133.6712217357
2020-08-23,260503.14,268133.6712217357
2020-08-24,260503.14,268133.6712217357
2020-08-25,260503.14,268133.6712217357
2020-08-26,260503.14,268133.6712217357
2020-08-27,260503.14,268133.6712217357
2020-08-28,260503.14,268133.6712217357
2020-08-29,260503.14,268133.6712217357
2020-08-30,267889.71,268133.6712217357
2020-08-31,267889.71,268133.6712217357
2020-09-01,267889.71,268133.6712217357
2020-09-02,267889.71,268133.6712217357
2020-09-03,267889.71,268133.6712217357
2020-09-04,267889.71,268133.6712217357
2020-09-05,267889.71,268133.6712217357
2020-09-06,283578.0,268133.6712217357
2020-09-07,283578.0,268133.6712217357
2020-09-08,283578.0,268133.6712217357
2020-09-09,283578.0,268133.6712217357
2020-09-10,283578.0,268133.6712217357
2020-09-11,283578.0,268133.6712217357
2020-09-12,283578.0,268133.6712217357
2020-09-13,279712.29,293541.4175952421
2020-09-14,279712.29,293541.4175952421
2020-09-15,279712.29,293541.4175952421
2020-09-16,279712.29,293541.4175952421
2020-09-17,279712.29,293541.4175952421
2020-09-18,279712.29,293541.4175952421
2020-09-19,279712.29,293541.4175952421
2020-09-20,299431.86,293541.4175952421
2020-09-21,299431.86,293541.4175952421
2020-09-22,299431.86,293541.4175952421
2020-09-23,299431.86,293541.4175952421
2020-09-24,299431.86,376020.3148850763
2020-09-25,299431.86,376020.3148850763
2020-09-26,299431.86,376020.3148850763
2020-09-27,300575.71,376020.3148850763
2020-09-28,300575.71,376020.3148850763
2020-09-29,300575.71,376020.3148850763
2020-09-30,300575.71,376020.3148850763
2020-10-01,300575.71,376020.3148850763
2020-10-02,300575.71,376020.3148850763
2020-10-03,300575.71,376020.3148850763
2020-10-04,304732.0,376020.3148850763
2020-10-05,304732.0,376020.3148850763
2020-10-06,304732.0,376020.3148850763
2020-10-07,304732.0,376020.3148850763
2020-10-08,304732.0,376020.3148850763
2020-10-09,304732.0,376020.3148850763
2020-10-10,304732.0,376020.3148850763
2020-10-11,337880.57,376020.3148850763
2020-10-12,337880.57,376020.3148850763
2020-10-13,337880.57,376020.3148850763
2020-10-14,337880.57,376020.3148850763
2020-10-15,337880.57,376020.3148850763
2020-10-16,337880.57,376020.3148850763
2020-10-17,337880.57,376020.3148850763
2020-10-18,371182.29,376020.3148850763
2020-10-19,371182.29,376020.3148850763
2020-10-20,371182.29,376020.3148850763
2020-10-21,371182.29,376020.3148850763
2020-10-22,371182.29,376020.3148850763
2020-10-23,371182.29,376020.3148850763
2020-10-24,371182.29,376020.3148850763
2020-10-25,441556.86,376020.3148850763
2020-10-26,441556.86,376020.3148850763
2020-10-27,441556.86,376020.3148850763
2020-10-28,441556.86,376020.3148850763
2020-10-29,441556.86,376020.3148850763
2020-10-30,441556.86,376020.3148850763
2020-10-31,441556.86,376020.3148850763
2020-11-01,503805.86,376020.3148850763
2020-11-02,503805.86,376020.3148850763
2020-11-03,503805.86,376020.3148850763
2020-11-04,503805.86,376020.3148850763
2020-11-05,503805.86,376020.3148850763
2020-11-06,503805.86,376020.3148850763
2020-11-07,503805.86,376020.3148850763
2020-11-08,551084.0,526662.1802668546
2020-11-09,551084.0,526662.1802668546
2020-11-10,551084.0,526662.1802668546
2020-11-11,551084.0,526662.1802668546
2020-11-12,551084.0,526662.1802668546
2020-11-13,551084.0,526662.1802668546
2020-11-14,551084.0,526662.1802668546
2020-11-15,578463.86,526662.1802668546
2020-11-16,578463.86,600567.4352445175
2020-11-17,578463.86,600567.4352445175
2020-11-18,578463.86,600567.4352445175
2020-11-19,578463.86,600567.4352445175
2020-11-20,578463.86,600567.4352445175
2020-11-21,578463.86,600567.4352445175
2020-11-22,587259.0,600567.4352445175
2020-11-23,587259.0,600567.4352445175
2020-11-24,587259.0,600567.4352445175
2020-11-25,587259.0,600567.4352445175
2020-11-26,587259.0,600567.4352445175
2020-11-27,587259.0,600567.4352445175
2020-11-28,587259.0,600567.4352445175
2020-11-29,574592.43,600567.4352445175
2020-11-30,574592.43,600567.4352445175
2020-12-01,574592.43,600567.4352445175
2020-12-02,574592.43,600567.4352445175
2020-12-03,574592.43,600567.4352445175
2020-12-04,574592.43,600567.4352445175
2020-12-05,574592.43,600567.4352445175
2020-12-06,600119.86,600567.4352445175
2020-12-07,600119.86,600567.4352445175
2020-12-08,600119.86,600567.4352445175
2020-12-09,600119.86,600567.4352445175
2020-12-10,600119.86,600567.4352445175
2020-12-11,600119.86,600567.4352445175
2020-12-12,600119.86,600567.4352445175
2020-12-13,627782.57,600567.4352445175
2020-12-14,627782.57,600567.4352445175
2020-12-15,627782.57,600567.4352445175
2020-12-16,627782.57,600567.4352445175
2020-12-17,627782.57,600567.4352445175
2020-12-18,627782.57,600567.4352445175
2020-12-19,627782.57,600567.4352445175
2020-12-20,648918.86,600567.4352445175
2020-12-21,648918.86,600567.4352445175
2020-12-22,648918.86,600567.4352445175
2020-12-23,648918.86,600567.4352445175
2020-12-24,648918.86,600567.4352445175
2020-12-25,648918.86,600567.4352445175
2020-12-26,648918.86,600567.4352445175
2020-12-27,588303.0,593726.1059461727
2020-12-28,588303.0,593726.1059461727
2020-12-29,588303.0,593726.1059461727
2020-12-30,588303.0,593726.1059461727
2020-12-31,588303.0,593726.1059461727
2021-01-01,588303.0,593726.1059461727
2021-01-02,588303.0,593726.1059461727
2021-01-03,606663.0,593726.1059461727
2021-01-04,606663.0,593726.1059461727
2021-01-05,606663.0,593726.1059461727
2021-01-06,606663.0,593726.1059461727
2021-01-07,606663.0,561781.0158633523
2021-01-08,606663.0,561781.0158633523
2021-01-09,606663.0,561781.0158633523
2021-01-10,715374.0,561781.0158633523
2021-01-11,715374.0,561781.0158633523
2021-01-12,715374.0,561781.0158633523
2021-01-13,715374.0,561781.0158633523
2021-01-14,715374.0,561781.0158633523
2021-01-15,715374.0,561781.0158633523
2021-01-16,715374.0,561781.0158633523
2021-01-17,693331.29,561781.0158633523
2021-01-18,693331.29,561781.0158633523
2021-01-19,693331.29,561781.0158633523
2021-01-20,693331.29,561781.0158633523
2021-01-21,693331.29,561781.0158633523
2021-01-22,693331.29,561781.0158633523
2021-01-23,693331.29,561781.0158633523
2021-01-24,603874.86,561781.0158633523
2021-01-25,603874.86,561781.0158633523
2021-01-26,603874.86,561781.0158633523
2021-01-27,603874.86,561781.0158633523
2021-01-28,603874.86,561781.0158633523
2021-01-29,603874.86,561781.0158633523
2021-01-30,603874.86,561781.0158633523
2021-01-31,533704.43,561781.0158633523
2021-02-01,533704.43,561781.0158633523
2021-02-02,533704.43,561781.0158633523
2021-02-03,533704.43,561781.0158633523
2021-02-04,533704.43,561781.0158633523
2021-02-05,533704.43,561781.0158633523
2021-02-06,533704.43,561781.0158633523
2021-02-07,452211.29,561781.0158633523
2021-02-08,452211.29,561781.0158633523
2021-02-09,452211.29,561781.0158633523
2021-02-10,452211.29,561781.0158633523
2021-02-11,452211.29,561781.0158633523
2021-02-12,452211.29,561781.0158633523
2021-02-13,452211.29,561781.0158633523
2021-02-14,388687.71,561781.0158633523
2021-02-15,388687.71,561781.0158633523
2021-02-16,388687.71,561781.0158633523
2021-02-17,388687.71,561781.0158633523
2021-02-18,388687.71,561781.0158633523
2021-02-19,388687.71,561781.0158633523
2021-02-20,388687.71,561781.0158633523
2021-02-21,353466.29,420549.07397286536
2021-02-22,353466.29,420549.07397286536
2021-02-23,353466.29,420549.07397286536
2021-02-24,353466.29,420549.07397286536
2021-02-25,353466.29,420549.07397286536
2021-02-26,353466.29,420549.07397286536
2021-02-27,353466.29,420549.07397286536
2021-02-28,380210.86,420549.07397286536
2021-03-01,380210.86,473779.14417377306
2021-03-02,380210.86,473779.14417377306
2021-03-03,380210.86,473779.14417377306
2021-03-04,380210.86,473779.14417377306
2021-03-05,380210.86,473779.14417377306
2021-03-06,380210.86,473779.14417377306
2021-03-07,391081.57,473779.14417377306
2021-03-08,391081.57,473779.14417377306
2021-03-09,391081.57,473779.14417377306
2021-03-10,391081.57,473779.14417377306
2021-03-11,391081.57,473779.14417377306
2021-03-12,391081.57,473779.14417377306
2021-03-13,391081.57,473779.14417377306
2021-03-14,423320.43,473779.14417377306
2021-03-15,423320.43,473779.14417377306
2021-03-16,423320.43,473779.14417377306
2021-03-17,423320.43,473779.14417377306
2021-03-18,423320.43,473779.14417377306
2021-03-19,423320.43,473779.14417377306
2021-03-20,423320.43,473779.14417377306
2021-03-21,475474.43,473779.14417377306
2021-03-22,475474.43,473779.14417377306
2021-03-23,475474.43,473779.14417377306
2021-03-24,475474.43,473779.14417377306
2021-03-25,475474.43,473779.14417377306
2021-03-26,475474.43,473779.14417377306
2021-03-27,475474.43,473779.14417377306
2021-03-28,547501.43,473779.14417377306
2021-03-29,547501.43,473779.14417377306
2021-03-30,547501.43,473779.14417377306
2021-03-31,547501.43,473779.14417377306
2021-04-01,547501.43,473779.14417377306
2021-04-02,547501.43,473779.14417377306
2021-04-03,547501.43,473779.14417377306
2021-04-04,587696.43,473779.14417377306
2021-04-05,587696.43,473779.14417377306
2021-04-06,587696.43,473779.14417377306
2021-04-07,587696.43,473779.14417377306
2021-04-08,587696.43,473779.14417377306
2021-04-09,587696.43,473779.14417377306
2021-04-10,587696.43,473779.14417377306
2021-04-11,651296.29,667064.7033635447
2021-04-12,651296.29,667064.7033635447
2021-04-13,651296.29,667064.7033635447
2021-04-14,651296.29,667064.7033635447
2021-04-15,651296.29,667064.7033635447
2021-04-16,651296.29,667064.7033635447
2021-04-17,651296.29,667064.7033635447
2021-04-18,747547.86,667064.7033635447
2021-04-19,747547.86,667064.7033635447
2021-04-20,747547.86,667064.7033635447
2021-04-21,747547.86,667064.7033635447
2021-04-22,747547.86,667064.7033635447
2021-04-23,747547.86,699582.8283816172
2021-04-24,747547.86,699582.8283816172
2021-04-25,813712.71,699582.8283816172
2021-04-26,813712.71,699582.8283816172
2021-04-27,813712.71,699582.8283816172
2021-04-28,813712.71,699582.8283816172
2021-04-29,813712.71,699582.8283816172
2021-04-30,813712.71,699582.8283816172
2021-05-01,813712.71,699582.8283816172
2021-05-02,813434.43,699582.8283816172
2021-05-03,813434.43,699582.8283816172
2021-05-04,813434.43,699582.8283816172
2021-05-05,813434.43,699582.8283816172
2021-05-06,813434.43,699582.8283816172
2021-05-07,813434.43,699582.8283816172
2021-05-08,813434.43,699582.8283816172
2021-05-09,780653.57,699582.8283816172
2021-05-10,780653.57,699582.8283816172
2021-05-11,780653.57,699582.8283816172
2021-05-12,780653.57,699582.8283816172
2021-05-13,780653.57,699582.8283816172
2021-05-14,780653.57,699582.8283816172
2021-05-15,780653.57,699582.8283816172
2021-05-16,687434.14,699582.8283816172
2021-05-17,687434.14,699582.8283816172
2021-05-18,687434.14,699582.8283816172
2021-05-19,687434.14,699582.8283816172
2021-05-20,687434.14,699582.8283816172
2021-05-21,687434.14,699582.8283816172
2021-05-22,687434.14,699582.8283816172
2021-05-23,602383.0,699582.8283816172
2021-05-24,602383.0,699582.8283816172
2021-05-25,602383.0,699582.8283816172
2021-05-26,602383.0,699582.8283816172
2021-05-27,602383.0,699582.8283816172
2021-05-28,602383.0,699582.8283816172
2021-05-29,602383.0,699582.8283816172
2021-05-30,506786.29,699582.8283816172
2021-05-31,506786.29,699582.8283816172
2021-06-01,506786.29,699582.8283816172
2021-06-02,506786.29,699582.8283816172
2021-06-03,506786.29,699582.8283816172
2021-06-04,506786.29,699582.8283816172
2021-06-05,506786.29,699582.8283816172
2021-06-06,429431.29,441565.79781829147
2021-06-07,429431.29,441565.79781829147
2021-06-08,429431.29,441565.79781829147
2021-06-09,429431.29,441565.79781829147
2021-06-10,429431.29,441565.79781829147
2021-06-11,429431.29,441565.79781829147
2021-06-12,429431.29,441565.79781829147
2021-06-13,378270.71,441565.79781829147
2021-06-14,378270.71,421795.47370008886
2021-06-15,378270.71,421795.47370008886
2021-06-16,378270.71,421795.47370008886
2021-06-17,378270.71,421795.47370008886
2021-06-18,378270.71,421795.47370008886
2021-06-19,378270.71,421795.47370008886
2021-06-20,362448.86,421795.47370008886
2021-06-21,362448.86,421795.47370008886
2021-06-22,362448.86,421795.47370008886
2021-06-23,362448.86,421795.47370008886
2021-06-24,362448.86,421795.47370008886
2021-06-25,362448.86,421795.47370008886
2021-06-26,362448.86,421795.47370008886
2021-06-27,375982.71,421795.47370008886
2021-06-28,375982.71,421795.47370008886
2021-06-29,375982.71,421795.47370008886
2021-06-30,375982.71,421795.47370008886
2021-07-01,375982.71,421795.47370008886
2021-07-02,375982.71,421795.47370008886
2021-07-03,375982.71,421795.47370008886
2021-07-04,394332.57,421795.47370008886
2021-07-05,394332.57,421795.47370008886
2021-07-06,394332.57,421795.47370008886
2021-07-07,394332.57,421795.47370008886
2021-07-08,394332.57,421795.47370008886
2021-07-09,394332.57,421795.47370008886
2021-07-10,394332.57,421795.47370008886
2021-07-11,469453.71,421795.47370008886
2021-07-12,469453.71,421795.47370008886
2021-07-13,469453.71,421795.47370008886
2021-07-14,469453.71,421795.47370008886
2021-07-15,469453.71,421795.47370008886
2021-07-16,469453.71,421795.47370008886
2021-07-17,469453.71,421795.47370008886
2021-07-18,515306.0,421795.47370008886
2021-07-19,515306.0,421795.47370008886
2021-07-20,515306.0,421795.47370008886
2021-07-21,515306.0,421795.47370008886
2021-07-22,515306.0,421795.47370008886
2021-07-23,515306.0,421795.47370008886
2021-07-24,515306.0,421795.47370008886
2021-07-25,536729.14,545735.0891739079
2021-07-26,536729.14,545735.0891739079
2021-07-27,536729.14,545735.0891739079
2021-07-28,536729.14,545735.0891739079
2021-07-29,536729.14,545735.0891739079
2021-07-30,536729.14,545735.0891739079
2021-07-31,536729.14,545735.0891739079
2021-08-01,592006.86,545735.0891739079
2021-08-02,592006.86,545735.0891739079
2021-08-03,592006.86,545735.0891739079
2021-08-04,592006.86,545735.0891739079
2021-08-05,592006.86,545735.0891739079
2021-08-06,592006.86,619222.8719615826
2021-08-07,592006.86,619222.8719615826
2021-08-08,631701.29,619222.8719615826
2021-08-09,631701.29,619222.8719615826
2021-08-10,631701.29,619222.8719615826
2021-08-11,631701.29,619222.8719615826
2021-08-12,631701.29,619222.8719615826
2021-08-13,631701.29,619222.8719615826
2021-08-14,631701.29,619222.8719615826
2021-08-15,645706.14,619222.8719615826
2021-08-16,645706.14,619222.8719615826
2021-08-17,645706.14,619222.8719615826
2021-08-18,645706.14,619222.8719615826
2021-08-19,645706.14,619222.8719615826
2021-08-20,645706.14,619222.8719615826
2021-08-21,645706.14,619222.8719615826
2021-08-22,657011.86,619222.8719615826
2021-08-23,657011.86,619222.8719615826
2021-08-24,657011.86,619222.8719615826
2021-08-25,657011.86,619222.8719615826
2021-08-26,657011.86,619222.8719615826
2021-08-27,657011.86,619222.8719615826
2021-08-28,657011.86,619222.8719615826
2021-08-29,652693.29,619222.8719615826
2021-08-30,652693.29,619222.8719615826
2021-08-31,652693.29,619222.8719615826
2021-09-01,652693.29,619222.8719615826
2021-09-02,652693.29,619222.8719615826
2021-09-03,652693.29,619222.8719615826
2021-09-04,652693.29,619222.8719615826
2021-09-05,622840.86,619222.8719615826
2021-09-06,622840.86,619222.8719615826
2021-09-07,622840.86,619222.8719615826
2021-09-08,622840.86,619222.8719615826
2021-09-09,622840.86,619222.8719615826
2021-09-10,622840.86,619222.8719615826
2021-09-11,622840.86,619222.8719615826
2021-09-12,561543.14,619222.8719615826
2021-09-13,561543.14,619222.8719615826
2021-09-14,561543.14,619222.8719615826
2021-09-15,561543.14,619222.8719615826
2021-09-16,561543.14,619222.8719615826
2021-09-17,561543.14,619222.8719615826
2021-09-18,561543.14,619222.8719615826
2021-09-19,526539.29,535940.1518833595
2021-09-20,526539.29,535940.1518833595
2021-09-21,526539.29,535940.1518833595
2021-09-22,526539.29,535940.1518833595
2021-09-23,526539.29,535940.1518833595
2021-09-24,526539.29,535940.1518833595
2021-09-25,526539.29,535940.1518833595
2021-09-26,501124.86,535940.1518833595
2021-09-27,501124.86,535940.1518833595
2021-09-28,501124.86,445072.5893431094
2021-09-29,501124.86,445072.5893431094
2021-09-30,501124.86,445072.5893431094
2021-10-01,501124.86,445072.5893431094
2021-10-02,501124.86,445072.5893431094
2021-10-03,444403.29,445072.5893431094
2021-10-04,444403.29,445072.5893431094
2021-10-05,444403.29,445072.5893431094
2021-10-06,444403.29,445072.5893431094
2021-10-07,444403.29,445072.5893431094
2021-10-08,444403.29,445072.5893431094
2021-10-09,444403.29,445072.5893431094
2021-10-10,422470.29,445072.5893431094
2021-10-11,422470.29,445072.5893431094
2021-10-12,422470.29,445072.5893431094
2021-10-13,422470.29,445072.5893431094
2021-10-14,422470.29,445072.5893431094
2021-10-15,422470.29,445072.5893431094
2021-10-16,422470.29,445072.5893431094
2021-10-17,411943.86,445072.5893431094
2021-10-18,411943.86,445072.5893431094
2021-10-19,411943.86,445072.5893431094
2021-10-20,411943.86,445072.5893431094
2021-10-21,411943.86,445072.5893431094
2021-10-22,411943.86,445072.5893431094
2021-10-23,411943.86,445072.5893431094
2021-10-24,429503.86,445072.5893431094
2021-10-25,429503.86,445072.5893431094
2021-10-26,429503.86,445072.5893431094
2021-10-27,429503.86,445072.5893431094
2021-10-28,429503.86,445072.5893431094
2021-10-29,429503.86,445072.5893431094
2021-10-30,429503.86,445072.5893431094
2021-10-31,446835.71,445072.5893431094
2021-11-01,446835.71,445072.5893431094
2021-11-02,446835.71,445072.5893431094
2021-11-03,446835.71,445072.5893431094
2021-11-04,446835.71,445072.5893431094
2021-11-05,446835.71,445072.5893431094
2021-11-06,446835.71,445072.5893431094
2021-11-07,454329.29,471159.62311716983
2021-11-08,454329.29,471159.62311716983
2021-11-09,454329.29,471159.62311716983
2021-11-10,454329.29,471159.62311716983
2021-11-11,454329.29,471159.62311716983
2021-11-12,454329.29,471159.62311716983
2021-11-13,454329.29,471159.62311716983
2021-11-14,496856.86,471159.62311716983
2021-11-15,496856.86,471159.62311716983
2021-11-16,496856.86,471159.62311716983
2021-11-17,496856.86,471159.62311716983
2021-11-18,496856.86,471159.62311716983
2021-11-19,496856.86,666814.5751877342
2021-11-20,496856.86,666814.5751877342
2021-11-21,551912.29,666814.5751877342
2021-11-22,551912.29,666814.5751877342
2021-11-23,551912.29,666814.5751877342
2021-11-24,551912.29,666814.5751877342
2021-11-25,551912.29,666814.5751877342
2021-11-26,551912.29,666814.5751877342
2021-11-27,551912.29,666814.5751877342
2021-11-28,578193.71,666814.5751877342
2021-11-29,578193.71,666814.5751877342
2021-11-30,578193.71,666814.5751877342
2021-12-01,578193.71,666814.5751877342
2021-12-02,578193.71,666814.5751877342
2021-12-03,578193.71,666814.5751877342
2021-12-04,578193.71,666814.5751877342
2021-12-05,610484.71,666814.5751877342
2021-12-06,610484.71,666814.5751877342
2021-12-07,610484.71,666814.5751877342
2021-12-08,610484.71,666814.5751877342
2021-12-09,610484.71,666814.5751877342
2021-12-10,610484.71,666814.5751877342
2021-12-11,610484.71,666814.5751877342
2021-12-12,616286.71,666814.5751877342
2021-12-13,616286.71,666814.5751877342
2021-12-14,616286.71,666814.5751877342
2021-12-15,616286.71,666814.5751877342
2021-12-16,616286.71,666814.5751877342
2021-12-17,616286.71,666814.5751877342
2021-12-18,616286.71,666814.5751877342
2021-12-19,671832.43,666814.5751877342
2021-12-20,671832.43,666814.5751877342
2021-12-21,671832.43,666814.5751877342
2021-12-22,671832.43,666814.5751877342
2021-12-23,671832.43,666814.5751877342
2021-12-24,671832.43,666814.5751877342
2021-12-25,671832.43,666814.5751877342
2021-12-26,870046.71,666814.5751877342
2021-12-27,870046.71,666814.5751877342
2021-12-28,870046.71,666814.5751877342
2021-12-29,870046.71,666814.5751877342
2021-12-30,870046.71,666814.5751877342
2021-12-31,870046.71,666814.5751877342
2022-01-01,870046.71,666814.5751877342
2022-01-02,1495546.86,1753738.0774330155
2022-01-03,1495546.86,1753738.0774330155
2022-01-04,1495546.86,1753738.0774330155
2022-01-05,1495546.86,1753738.0774330155
2022-01-06,1495546.86,1753738.0774330155
2022-01-07,1495546.86,1753738.0774330155
2022-01-08,1495546.86,1753738.0774330155
2022-01-09,2371069.71,1753738.0774330155
2022-01-10,2371069.71,1753738.0774330155
2022-01-11,2371069.71,2786683.808577644
2022-01-12,2371069.71,2786683.808577644
2022-01-13,2371069.71,2786683.808577644
2022-01-14,2371069.71,2786683.808577644
2022-01-15,2371069.71,2786683.808577644
2022-01-16,2951672.14,2786683.808577644
2022-01-17,2951672.14,2786683.808577644
2022-01-18,2951672.14,2786683.808577644
2022-01-19,2951672.14,2786683.808577644
2022-01-20,2951672.14,2786683.808577644
2022-01-21,2951672.14,2786683.808577644
2022-01-22,2951672.14,2786683.808577644
2022-01-23,3363087.71,2786683.808577644
2022-01-24,3363087.71,2786683.808577644
2022-01-25,3363087.71,2786683.808577644
2022-01-26,3363087.71,2786683.808577644
2022-01-27,3363087.71,2786683.808577644
2022-01-28,3363087.71,2786683.808577644
2022-01-29,3363087.71,2786683.808577644
2022-01-30,3346360.57,2786683.808577644
2022-01-31,3346360.57,2786683.808577644
2022-02-01,3346360.57,2786683.808577644
2022-02-02,3346360.57,2786683.808577644
2022-02-03,3346360.57,2786683.808577644
2022-02-04,3346360.57,2786683.808577644
2022-02-05,3346360.57,2786683.808577644
2022-02-06,2846886.0,2786683.808577644
2022-02-07,2846886.0,2786683.808577644
2022-02-08,2846886.0,2786683.808577644
2022-02-09,2846886.0,2786683.808577644
2022-02-10,2846886.0,2786683.808577644
2022-02-11,2846886.0,2786683.808577644
2022-02-12,2846886.0,2786683.808577644
2022-02-13,2273129.29,2786683.808577644
2022-02-14,2273129.29,2786683.808577644
2022-02-15,2273129.29,2786683.808577644
2022-02-16,2273129.29,2786683.808577644
2022-02-17,2273129.29,2786683.808577644
2022-02-18,2273129.29,2786683.808577644
2022-02-19,2273129.29,2786683.808577644
2022-02-20,1838810.57,1868983.2867086884
2022-02-21,1838810.57,1868983.2867086884
2022-02-22,1838810.57,1868983.2867086884
2022-02-23,1838810.57,1868983.2867086884
2022-02-24,1838810.57,1868983.2867086884
2022-02-25,1838810.57,1868983.2867086884
2022-02-26,1838810.57,1868983.2867086884
2022-02-27,1578553.29,1868983.2867086884
2022-02-28,1578553.29,1868983.2867086884
2022-03-01,1578553.29,1868983.2867086884
2022-03-02,1578553.29,1868983.2867086884
2022-03-03,1578553.29,1868983.2867086884
2022-03-04,1578553.29,1482505.3852459278
2022-03-05,1578553.29,1482505.3852459278
2022-03-06,1557178.57,1482505.3852459278
2022-03-07,1557178.57,1482505.3852459278
2022-03-08,1557178.57,1482505.3852459278
2022-03-09,1557178.57,1482505.3852459278
2022-03-10,1557178.57,1482505.3852459278
2022-03-11,1557178.57,1482505.3852459278
2022-03-12,1557178.57,1482505.3852459278
2022-03-13,1686495.71,1482505.3852459278
2022-03-14,1686495.71,1482505.3852459278
2022-03-15,1686495.71,1482505.3852459278
2022-03-16,1686495.71,1482505.3852459278
2022-03-17,1686495.71,1482505.3852459278
2022-03-18,1686495.71,1482505.3852459278
2022-03-19,1686495.71,1482505.3852459278
2022-03-20,1768354.86,1482505.3852459278
2022-03-21,1768354.86,1482505.3852459278
2022-03-22,1768354.86,1482505.3852459278
2022-03-23,1768354.86,1482505.3852459278
2022-03-24,1768354.86,1482505.3852459278
2022-03-25,1768354.86,1482505.3852459278
2022-03-26,1768354.86,1482505.3852459278
2022-03-27,1571183.0,1482505.3852459278
2022-03-28,1571183.0,1482505.3852459278
2022-03-29,1571183.0,1482505.3852459278
2022-03-30,1571183.0,1482505.3852459278
2022-03-31,1571183.0,1482505.3852459278
2022-04-01,1571183.0,1482505.3852459278
2022-04-02,1571183.0,1482505.3852459278
2022-04-03,1338454.43,1482505.3852459278
2022-04-04,1338454.43,1482505.3852459278
2022-04-05,1338454.43,1482505.3852459278
2022-04-06,1338454.43,1482505.3852459278
2022-04-07,1338454.43,1482505.3852459278
2022-04-08,1338454.43,1482505.3852459278
2022-04-09,1338454.43,1482505.3852459278
2022-04-10,1028597.71,1482505.3852459278
2022-04-11,1028597.71,1482505.3852459278
2022-04-12,1028597.71,1482505.3852459278
2022-04-13,1028597.71,1482505.3852459278
2022-04-14,1028597.71,1482505.3852459278
2022-04-15,1028597.71,1482505.3852459278
2022-04-16,1028597.71,1482505.3852459278
2022-04-17,813973.0,847761.5886039387
2022-04-18,813973.0,847761.5886039387
2022-04-19,813973.0,847761.5886039387
2022-04-20,813973.0,847761.5886039387
2022-04-21,813973.0,847761.5886039387
2022-04-22,813973.0,847761.5886039387
2022-04-23,813973.0,847761.5886039387
2022-04-24,671892.43,847761.5886039387
2022-04-25,671892.43,847761.5886039387
2022-04-26,671892.43,556600.5005966234
2022-04-27,671892.43,556600.5005966234
2022-04-28,671892.43,556600.5005966234
2022-04-29,671892.43,556600.5005966234
2022-04-30,671892.43,556600.5005966234
2022-05-01,571273.29,556600.5005966234
2022-05-02,571273.29,556600.5005966234
2022-05-03,571273.29,556600.5005966234
2022-05-04,571273.29,556600.5005966234
2022-05-05,571273.29,556600.5005966234
2022-05-06,571273.29,556600.5005966234
2022-05-07,571273.29,556600.5005966234
2022-05-08,517019.57,556600.5005966234
2022-05-09,517019.57,556600.5005966234
2022-05-10,517019.57,556600.5005966234
2022-05-11,517019.57,556600.5005966234
2022-05-12,517019.57,556600.5005966234
2022-05-13,517019.57,556600.5005966234
2022-05-14,517019.57,556600.5005966234
2022-05-15,566314.14,556600.5005966234
2022-05-16,566314.14,556600.5005966234
2022-05-17,566314.14,556600.5005966234
2022-05-18,566314.14,556600.5005966234
2022-05-19,566314.14,556600.5005966234
2022-05-20,566314.14,556600.5005966234
2022-05-21,566314.14,556600.5005966234
2022-05-22,540307.57,556600.5005966234
2022-05-23,540307.57,556600.5005966234
2022-05-24,540307.57,556600.5005966234
2022-05-25,540307.57,556600.5005966234
2022-05-26,540307.57,556600.5005966234
2022-05-27,540307.57,556600.5005966234
2022-05-28,540307.57,556600.5005966234
2022-05-29,483859.29,556600.5005966234
2022-05-30,483859.29,556600.5005966234
2022-05-31,483859.29,556600.5005966234
2022-06-01,483859.29,556600.5005966234
2022-06-02,483859.29,556600.5005966234
2022-06-03,483859.29,556600.5005966234
2022-06-04,483859.29,556600.5005966234
2022-06-05,465585.43,527738.9863736157
2022-06-06,465585.43,527738.9863736157
2022-06-07,465585.43,527738.9863736157
2022-06-08,465585.43,527738.9863736157
2022-06-09,465585.43,527738.9863736157
2022-06-10,465585.43,527738.9863736157
2022-06-11,465585.43,527738.9863736157
2022-06-12,503327.71,527738.9863736157
2022-06-13,503327.71,527738.9863736157
2022-06-14,503327.71,527738.9863736157
2022-06-15,503327.71,527738.9863736157
2022-06-16,503327.71,527738.9863736157
2022-06-17,503327.71,527738.9863736157
2022-06-18,503327.71,803276.6550866766
2022-06-19,538659.0,803276.6550866766
2022-06-20,538659.0,803276.6550866766
2022-06-21,538659.0,803276.6550866766
2022-06-22,538659.0,803276.6550866766
2022-06-23,538659.0,803276.6550866766
2022-06-24,538659.0,803276.6550866766
2022-06-25,538659.0,803276.6550866766
2022-06-26,656037.43,803276.6550866766
2022-06-27,656037.43,803276.6550866766
2022-06-28,656037.43,803276.6550866766
2022-06-29,656037.43,803276.6550866766
2022-06-30,656037.43,803276.6550866766
2022-07-01,656037.43,803276.6550866766
2022-07-02,656037.43,803276.6550866766
2022-07-03,754581.29,803276.6550866766
2022-07-04,754581.29,803276.6550866766
2022-07-05,754581.29,803276.6550866766
2022-07-06,754581.29,803276.6550866766
2022-07-07,754581.29,803276.6550866766
2022-07-08,754581.29,803276.6550866766
2022-07-09,754581.29,803276.6550866766
2022-07-10,905994.57,803276.6550866766
2022-07-11,905994.57,803276.6550866766
2022-07-12,905994.57,803276.6550866766
2022-07-13,905994.57,803276.6550866766
2022-07-14,905994.57,803276.6550866766
2022-07-15,905994.57,803276.6550866766
2022-07-16,905994.57,803276.6550866766
2022-07-17,996943.14,803276.6550866766
2022-07-18,996943.14,803276.6550866766
2022-07-19,996943.14,803276.6550866766
2022-07-20,996943.14,803276.6550866766
2022-07-21,996943.14,803276.6550866766
2022-07-22,996943.14,803276.6550866766
2022-07-23,996943.14,803276.6550866766
2022-07-24,1024817.14,803276.6550866766
2022-07-25,1024817.14,803276.6550866766
2022-07-26,1024817.14,803276.6550866766
2022-07-27,1024817.14,803276.6550866766
2022-07-28,1024817.14,803276.6550866766
2022-07-29,1024817.14,803276.6550866766
2022-07-30,1024817.14,803276.6550866766
2022-07-31,1029243.57,913974.5551427337
2022-08-01,1029243.57,913974.5551427337
2022-08-02,1029243.57,913974.5551427337
2022-08-03,1029243.57,913974.5551427337
2022-08-04,1029243.57,913974.5551427337
2022-08-05,1029243.57,913974.5551427337
2022-08-06,1029243.57,913974.5551427337
2022-08-07,992220.14,913974.5551427337
2022-08-08,992220.14,913974.5551427337
2022-08-09,992220.14,719282.9660365963
2022-08-10,992220.14,719282.9660365963
2022-08-11,992220.14,719282.9660365963
2022-08-12,992220.14,719282.9660365963
2022-08-13,992220.14,719282.9660365963
2022-08-14,821823.71,719282.9660365963
2022-08-15,821823.71,719282.9660365963
2022-08-16,821823.71,719282.9660365963
2022-08-17,821823.71,719282.9660365963
2022-08-18,821823.71,719282.9660365963
2022-08-19,821823.71,719282.9660365963
2022-08-20,821823.71,719282.9660365963
2022-08-21,769477.0,719282.9660365963
2022-08-22,769477.0,719282.9660365963
2022-08-23,769477.0,719282.9660365963
2022-08-24,769477.0,719282.9660365963
2022-08-25,769477.0,719282.9660365963
2022-08-26,769477.0,719282.9660365963
2022-08-27,769477.0,719282.9660365963
2022-08-28,680826.29,719282.9660365963
2022-08-29,680826.29,719282.9660365963
2022-08-30,680826.29,719282.9660365963
2022-08-31,680826.29,719282.9660365963
2022-09-01,680826.29,719282.9660365963
2022-09-02,680826.29,719282.9660365963
2022-09-03,680826.29,719282.9660365963
2022-09-04,612840.86,719282.9660365963
2022-09-05,612840.86,719282.9660365963
2022-09-06,612840.86,719282.9660365963
2022-09-07,612840.86,719282.9660365963
2022-09-08,612840.86,719282.9660365963
2022-09-09,612840.86,719282.9660365963
2022-09-10,612840.86,719282.9660365963
2022-09-11,467056.29,719282.9660365963
2022-09-12,467056.29,719282.9660365963
2022-09-13,467056.29,719282.9660365963
2022-09-14,467056.29,719282.9660365963
2022-09-15,467056.29,719282.9660365963
2022-09-16,467056.29,719282.9660365963
2022-09-17,467056.29,719282.9660365963
2022-09-18,485114.86,481538.3004777147
2022-09-19,485114.86,481538.3004777147
2022-09-20,485114.86,481538.3004777147
2022-09-21,485114.86,481538.3004777147
2022-09-22,485114.86,481538.3004777147
2022-09-23,485114.86,481538.3004777147
2022-09-24,485114.86,481538.3004777147
2022-09-25,459771.86,481538.3004777147
2022-09-26,459771.86,481538.3004777147
2022-09-27,459771.86,481538.3004777147
2022-09-28,459771.86,481538.3004777147
2022-09-29,459771.86,481538.3004777147
2022-09-30,459771.86,481538.3004777147
2022-10-01,459771.86,415090.37584617257
2022-10-02,461552.14,415090.37584617257
2022-10-03,461552.14,415090.37584617257
2022-10-04,461552.14,415090.37584617257
2022-10-05,461552.14,415090.37584617257
2022-10-06,461552.14,415090.37584617257
2022-10-07,461552.14,415090.37584617257
2022-10-08,461552.14,415090.37584617257
2022-10-09,459818.43,415090.37584617257
2022-10-10,459818.43,415090.37584617257
2022-10-11,459818.43,415090.37584617257
2022-10-12,459818.43,415090.37584617257
2022-10-13,459818.43,415090.37584617257
2022-10-14,459818.43,415090.37584617257
2022-10-15,459818.43,415090.37584617257
2022-10-16,453671.57,415090.37584617257
2022-10-17,453671.57,415090.37584617257
2022-10-18,453671.57,415090.37584617257
2022-10-19,453671.57,415090.37584617257
2022-10-20,453671.57,415090.37584617257
2022-10-21,453671.57,415090.37584617257
2022-10-22,453671.57,415090.37584617257
2022-10-23,413961.57,415090.37584617257
2022-10-24,413961.57,415090.37584617257
2022-10-25,413961.57,415090.37584617257
2022-10-26,413961.57,415090.37584617257
2022-10-27,413961.57,415090.37584617257
2022-10-28,413961.57,415090.37584617257
2022-10-29,413961.57,415090.37584617257
2022-10-30,362067.71,415090.37584617257
2022-10-31,362067.71,415090.37584617257
2022-11-01,362067.71,415090.37584617257
2022-11-02,362067.71,415090.37584617257
2022-11-03,362067.71,415090.37584617257
2022-11-04,362067.71,415090.37584617257
2022-11-05,362067.71,415090.37584617257
2022-11-06,333532.14,415090.37584617257
2022-11-07,333532.14,415090.37584617257
2022-11-08,333532.14,415090.37584617257
2022-11-09,333532.14,415090.37584617257
2022-11-10,333532.14,415090.37584617257
2022-11-11,333532.14,415090.37584617257
2022-11-12,333532.14,415090.37584617257
2022-11-13,355597.14,590254.5246052151
2022-11-14,355597.14,590254.5246052151
2022-11-15,355597.14,590254.5246052151
2022-11-16,355597.14,590254.5246052151
2022-11-17,355597.14,590254.5246052151
2022-11-18,355597.14,590254.5246052151
2022-11-19,355597.14,590254.5246052151
2022-11-20,383150.0,590254.5246052151
2022-11-21,383150.0,590254.5246052151
2022-11-22,383150.0,590254.5246052151
2022-11-23,383150.0,1852443.6881860567
2022-11-24,383150.0,1852443.6881860567
2022-11-25,383150.0,1852443.6881860567
2022-11-26,383150.0,1852443.6881860567
2022-11-27,425375.29,1852443.6881860567
2022-11-28,425375.29,1852443.6881860567
2022-11-29,425375.29,1852443.6881860567
2022-11-30,425375.29,1852443.6881860567
2022-12-01,425375.29,1852443.6881860567
2022-12-02,425375.29,1852443.6881860567
2022-12-03,425375.29,1852443.6881860567
2022-12-04,462429.86,1852443.6881860567
2022-12-05,462429.86,1852443.6881860567
2022-12-06,462429.86,1852443.6881860567
2022-12-07,462429.86,1852443.6881860567
2022-12-08,462429.86,1852443.6881860567
2022-12-09,462429.86,1852443.6881860567
2022-12-10,462429.86,1852443.6881860567
2022-12-11,659309.29,1852443.6881860567
2022-12-12,659309.29,1852443.6881860567
2022-12-13,659309.29,1852443.6881860567
2022-12-14,659309.29,1852443.6881860567
2022-12-15,659309.29,1852443.6881860567
2022-12-16,659309.29,1852443.6881860567
2022-12-17,659309.29,1852443.6881860567
2022-12-18,2139644.86,1852443.6881860567
2022-12-19,2139644.86,1852443.6881860567
2022-12-20,2139644.86,1852443.6881860567
2022-12-21,2139644.86,1852443.6881860567
2022-12-22,2139644.86,1852443.6881860567
2022-12-23,2139644.86,1852443.6881860567
2022-12-24,2139644.86,1852443.6881860567
2022-12-25,6319461.0,1852443.6881860567
2022-12-26,6319461.0,1852443.6881860567
2022-12-27,6319461.0,1852443.6881860567
2022-12-28,6319461.0,1852443.6881860567
2022-12-29,6319461.0,1852443.6881860567
2022-12-30,6319461.0,1852443.6881860567
2022-12-31,6319461.0,1852443.6881860567
2023-01-01,3961814.29,2505175.5349868224
2023-01-02,3961814.29,2505175.5349868224
2023-01-03,3961814.29,2505175.5349868224
2023-01-04,3961814.29,2505175.5349868224
2023-01-05,3961814.29,2505175.5349868224
2023-01-06,3961814.29,2505175.5349868224
2023-01-07,3961814.29,2505175.5349868224
2023-01-08,1568573.57,2505175.5349868224
2023-01-09,1568573.57,2505175.5349868224
2023-01-10,1568573.57,2505175.5349868224
2023-01-11,1568573.57,2505175.5349868224
2023-01-12,1568573.57,2505175.5349868224
2023-01-13,1568573.57,2505175.5349868224
2023-01-14,1568573.57,395355.5856327394
2023-01-15,698135.43,395355.5856327394
2023-01-16,698135.43,395355.5856327394
2023-01-17,698135.43,395355.5856327394
2023-01-18,698135.43,395355.5856327394
2023-01-19,698135.43,395355.5856327394
2023-01-20,698135.43,395355.5856327394
2023-01-21,698135.43,395355.5856327394
2023-01-22,359269.71,395355.5856327394
2023-01-23,359269.71,395355.5856327394
2023-01-24,359269.71,395355.5856327394
2023-01-25,359269.71,395355.5856327394
2023-01-26,359269.71,395355.5856327394
2023-01-27,359269.71,395355.5856327394
2023-01-28,359269.71,395355.5856327394
2023-01-29,222785.86,395355.5856327394
2023-01-30,222785.86,395355.5856327394
2023-01-31,222785.86,395355.5856327394
2023-02-01,222785.86,395355.5856327394
2023-02-02,222785.86,395355.5856327394
2023-02-03,222785.86,395355.5856327394
2023-02-04,222785.86,395355.5856327394
2023-02-05,197951.0,395355.5856327394
2023-02-06,197951.0,395355.5856327394
2023-02-07,197951.0,395355.5856327394
2023-02-08,197951.0,395355.5856327394
2023-02-09,197951.0,395355.5856327394
2023-02-10,197951.0,395355.5856327394
2023-02-11,197951.0,395355.5856327394
2023-02-12,178211.86,395355.5856327394
2023-02-13,178211.86,395355.5856327394
2023-02-14,178211.86,395355.5856327394
2023-02-15,178211.86,395355.5856327394
2023-02-16,178211.86,395355.5856327394
2023-02-17,178211.86,395355.5856327394
2023-02-18,178211.86,395355.5856327394
2023-02-19,163684.71,395355.5856327394
2023-02-20,163684.71,395355.5856327394
2023-02-21,163684.71,395355.5856327394
2023-02-22,163684.71,395355.5856327394
2023-02-23,163684.71,395355.5856327394
2023-02-24,163684.71,395355.5856327394
2023-02-25,163684.71,395355.5856327394
2023-02-26,153269.29,170822.76963446845
2023-02-27,153269.29,170822.76963446845
2023-02-28,153269.29,170822.76963446845
2023-03-01,153269.29,170822.76963446845
2023-03-02,153269.29,170822.76963446845
2023-03-03,153269.29,170822.76963446845
2023-03-04,153269.29,170822.76963446845
2023-03-05,146925.43,170822.76963446845
2023-03-06,146925.43,170822.76963446845
2023-03-07,146925.43,170822.76963446845
2023-03-08,146925.43,120124.97259740478
2023-03-09,146925.43,120124.97259740478
2023-03-10,146925.43,120124.97259740478
2023-03-11,146925.43,120124.97259740478
2023-03-12,127836.0,120124.97259740478
2023-03-13,127836.0,120124.97259740478
2023-03-14,127836.0,120124.97259740478
2023-03-15,127836.0,120124.97259740478
2023-03-16,127836.0,120124.97259740478
2023-03-17,127836.0,120124.97259740478
2023-03-18,127836.0,120124.97259740478
2023-03-19,125606.71,120124.97259740478
2023-03-20,125606.71,120124.97259740478
2023-03-21,125606.71,120124.97259740478
2023-03-22,125606.71,120124.97259740478
2023-03-23,125606.71,120124.97259740478
2023-03-24,125606.71,120124.97259740478
2023-03-25,125606.71,120124.97259740478
2023-03-26,119020.14,120124.97259740478
2023-03-27,119020.14,120124.97259740478
2023-03-28,119020.14,120124.97259740478
2023-03-29,119020.14,120124.97259740478
2023-03-30,119020.14,120124.97259740478
2023-03-31,119020.14,120124.97259740478
2023-04-01,119020.14,120124.97259740478
2023-04-02,114219.71,120124.97259740478
2023-04-03,114219.71,120124.97259740478
2023-04-04,114219.71,120124.97259740478
2023-04-05,114219.71,120124.97259740478
2023-04-06,114219.71,120124.97259740478
2023-04-07,114219.71,120124.97259740478
2023-04-08,114219.71,120124.97259740478
2023-04-09,100152.71,120124.97259740478
2023-04-10,100152.71,120124.97259740478
2023-04-11,100152.71,120124.97259740478
2023-04-12,100152.71,120124.97259740478
2023-04-13,100152.71,120124.97259740478
2023-04-14,100152.71,120124.97259740478
2023-04-15,100152.71,120124.97259740478
2023-04-16,99260.0,100844.47612444263
2023-04-17,99260.0,100844.47612444263
2023-04-18,99260.0,100844.47612444263
2023-04-19,99260.0,100844.47612444263
2023-04-20,99260.0,100844.47612444263
2023-04-21,99260.0,100844.47612444263
2023-04-22,99260.0,100844.47612444263
2023-04-23,105374.29,100844.47612444263
2023-04-24,105374.29,100844.47612444263
2023-04-25,105374.29,100844.47612444263
2023-04-26,105374.29,100844.47612444263
2023-04-27,105374.29,100844.47612444263
2023-04-28,105374.29,100844.47612444263
2023-04-29,105374.29,69873.68816485668
2023-04-30,97801.86,69873.68816485668
2023-05-01,97801.86,69873.68816485668
2023-05-02,97801.86,69873.68816485668
2023-05-03,97801.86,69873.68816485668
2023-05-04,97801.86,69873.68816485668
2023-05-05,97801.86,69873.68816485668
2023-05-06,97801.86,69873.68816485668
2023-05-07,87064.14,69873.68816485668
2023-05-08,87064.14,69873.68816485668
2023-05-09,87064.14,69873.68816485668
2023-05-10,87064.14,69873.68816485668
2023-05-11,87064.14,69873.68816485668
2023-05-12,87064.14,69873.68816485668
2023-05-13,87064.14,69873.68816485668
2023-05-14,80986.14,69873.68816485668
2023-05-15,80986.14,69873.68816485668
2023-05-16,80986.14,69873.68816485668
2023-05-17,80986.14,69873.68816485668
2023-05-18,80986.14,69873.68816485668
2023-05-19,80986.14,69873.68816485668
2023-05-20,80986.14,69873.68816485668
2023-05-21,53125.86,69873.68816485668
2023-05-22,53125.86,69873.68816485668
2023-05-23,53125.86,69873.68816485668
2023-05-24,53125.86,69873.68816485668
2023-05-25,53125.86,69873.68816485668
2023-05-26,53125.86,69873.68816485668
2023-05-27,53125.86,69873.68816485668
2023-05-28,49578.29,69873.68816485668
2023-05-29,49578.29,69873.68816485668
2023-05-30,49578.29,69873.68816485668
2023-05-31,49578.29,69873.68816485668
2023-06-01,49578.29,69873.68816485668
2023-06-02,49578.29,69873.68816485668
2023-06-03,49578.29,69873.68816485668
2023-06-04,41425.0,69873.68816485668
2023-06-05,41425.0,69873.68816485668
2023-06-06,41425.0,69873.68816485668
2023-06-07,41425.0,69873.68816485668
2023-06-08,41425.0,69873.68816485668
2023-06-09,41425.0,69873.68816485668
2023-06-10,41425.0,69873.68816485668
2023-06-11,40084.43,36335.09855935657
2023-06-12,40084.43,36335.09855935657
2023-06-13,40084.43,36335.09855935657
2023-06-14,40084.43,36335.09855935657
2023-06-15,40084.43,36335.09855935657
2023-06-16,40084.43,36335.09855935657
2023-06-17,40084.43,36335.09855935657
2023-06-18,20417.71,36335.09855935657
2023-06-19,20417.71,36335.09855935657
2023-06-20,20417.71,36335.09855935657
2023-06-21,20417.71,32438.585698147723
2023-06-22,20417.71,32438.585698147723
2023-06-23,20417.71,32438.585698147723
2023-06-24,20417.71,32438.585698147723
2023-06-25,29291.43,32438.585698147723
2023-06-26,29291.43,32438.585698147723
2023-06-27,29291.43,32438.585698147723
2023-06-28,29291.43,32438.585698147723
2023-06-29,29291.43,32438.585698147723
2023-06-30,29291.43,32438.585698147723
2023-07-01,29291.43,32438.585698147723
2023-07-02,25212.43,32438.585698147723
2023-07-03,25212.43,32438.585698147723
2023-07-04,25212.43,32438.585698147723
2023-07-05,25212.43,32438.585698147723
2023-07-06,25212.43,32438.585698147723
2023-07-07,25212.43,32438.585698147723
2023-07-08,25212.43,32438.585698147723
2023-07-09,26053.57,32438.585698147723
2023-07-10,26053.57,32438.585698147723
2023-07-11,26053.57,32438.585698147723
2023-07-12,26053.57,32438.585698147723
2023-07-13,26053.57,32438.585698147723
2023-07-14,26053.57,32438.585698147723
2023-07-15,26053.57,32438.585698147723
2023-07-16,28796.0,32438.585698147723
2023-07-17,28796.0,32438.585698147723
2023-07-18,28796.0,32438.585698147723
2023-07-19,28796.0,32438.585698147723
2023-07-20,28796.0,32438.585698147723
2023-07-21,28796.0,32438.585698147723
2023-07-22,28796.0,32438.585698147723
2023-07-23,35735.43,32438.585698147723
2023-07-24,35735.43,32438.585698147723
2023-07-25,35735.43,32438.585698147723
2023-07-26,35735.43,32438.585698147723
2023-07-27,35735.43,32438.585698147723
2023-07-28,35735.43,32438.585698147723
2023-07-29,35735.43,32438.585698147723
2023-07-30,45285.43,32438.585698147723
2023-07-31,45285.43,32438.585698147723
2023-08-01,45285.43,32438.585698147723
2023-08-02,45285.43,32438.585698147723
2023-08-03,45285.43,32438.585698147723
2023-08-04,45285.43,32438.585698147723
2023-08-05,45285.43,32438.585698147723
2023-08-06,100238.29,77122.05081424334
2023-08-07,100238.29,77122.05081424334
2023-08-08,100238.29,77122.05081424334
2023-08-09,100238.29,77122.05081424334
2023-08-10,100238.29,77122.05081424334
2023-08-11,100238.29,77122.05081424334
2023-08-12,100238.29,77122.05081424334
2023-08-13,19156.57,37906.98736066607
2023-08-14,19156.57,37906.98736066607
2023-08-15,19156.57,37906.98736066607
2023-08-16,19156.57,37906.98736066607
2023-08-17,19156.57,37906.98736066607
2023-08-18,19156.57,37906.98736066607
2023-08-19,19156.57,37906.98736066607
2023-08-20,49097.71,37906.98736066607
2023-08-21,49097.71,37906.98736066607
2023-08-22,49097.71,37906.98736066607
2023-08-23,49097.71,37906.98736066607
2023-08-24,49097.71,37906.98736066607
2023-08-25,49097.71,37906.98736066607
2023-08-26,49097.71,37906.98736066607
2023-08-27,50979.57,37906.98736066607
2023-08-28,50979.57,37906.98736066607
2023-08-29,50979.57,37906.98736066607
2023-08-30,50979.57,37906.98736066607
2023-08-31,50979.57,37906.98736066607
2023-09-01,50979.57,37906.98736066607
2023-09-02,50979.57,37906.98736066607
2023-09-03,48588.14,37906.98736066607
2023-09-04,48588.14,37906.98736066607
2023-09-05,48588.14,37906.98736066607
2023-09-06,48588.14,37906.98736066607
2023-09-07,48588.14,37906.98736066607
2023-09-08,48588.14,37906.98736066607
2023-09-09,48588.14,37906.98736066607
2023-09-10,33315.0,37906.98736066607
2023-09-11,33315.0,37906.98736066607
2023-09-12,33315.0,37906.98736066607
2023-09-13,33315.0,37906.98736066607
2023-09-14,33315.0,37906.98736066607
2023-09-15,33315.0,37906.98736066607
2023-09-16,33315.0,37906.98736066607
2023-09-17,17225.29,37906.98736066607
2023-09-18,17225.29,37906.98736066607
2023-09-19,17225.29,37906.98736066607
2023-09-20,17225.29,37906.98736066607
2023-09-21,17225.29,37906.98736066607
2023-09-22,17225.29,37906.98736066607
2023-09-23,17225.29,37906.98736066607
2023-09-24,19549.71,22268.072345738037
2023-09-25,19549.71,22268.072345738037
2023-09-26,19549.71,22268.072345738037
2023-09-27,19549.71,22268.072345738037
2023-09-28,19549.71,22268.072345738037
2023-09-29,19549.71,22268.072345738037
2023-09-30,19549.71,22268.072345738037
2023-10-01,22498.43,22268.072345738037
2023-10-02,22498.43,22268.072345738037
2023-10-03,22498.43,22268.072345738037
2023-10-04,22498.43,22292.542038497493
2023-10-05,22498.43,22292.542038497493
2023-10-06,22498.43,22292.542038497493
2023-10-07,22498.43,22292.542038497493
2023-10-08,23880.86,22292.542038497493
2023-10-09,23880.86,22292.542038497493
2023-10-10,23880.86,22292.542038497493
2023-10-11,23880.86,22292.542038497493
2023-10-12,23880.86,22292.542038497493
2023-10-13,23880.86,22292.542038497493
2023-10-14,23880.86,22292.542038497493
2023-10-15,21586.29,22292.542038497493
2023-10-16,21586.29,22292.542038497493
2023-10-17,21586.29,22292.542038497493
2023-10-18,21586.29,22292.542038497493
2023-10-19,21586.29,22292.542038497493
2023-10-20,21586.29,22292.542038497493
2023-10-21,21586.29,22292.542038497493
2023-10-22,20096.29,22292.542038497493
2023-10-23,20096.29,22292.542038497493
2023-10-24,20096.29,22292.542038497493
2023-10-25,20096.29,22292.542038497493
2023-10-26,20096.29,22292.542038497493
2023-10-27,20096.29,22292.542038497493
2023-10-28,20096.29,22292.542038497493
2023-10-29,20329.71,22292.542038497493
2023-10-30,20329.71,22292.542038497493
2023-10-31,20329.71,22292.542038497493
2023-11-01,20329.71,22292.542038497493
2023-11-02,20329.71,22292.542038497493
2023-11-03,20329.71,22292.542038497493
2023-11-04,20329.71,22292.542038497493
2023-11-05,22517.43,22292.542038497493
2023-11-06,22517.43,22292.542038497493
2023-11-07,22517.43,22292.542038497493
2023-11-08,22517.43,22292.542038497493
2023-11-09,22517.43,22292.542038497493
2023-11-10,22517.43,22292.542038497493
2023-11-11,22517.43,22292.542038497493
2023-11-12,24979.43,22292.542038497493
2023-11-13,24979.43,22292.542038497493
2023-11-14,24979.43,22292.542038497493
2023-11-15,24979.43,22292.542038497493
2023-11-16,24979.43,22292.542038497493
2023-11-17,24979.43,22292.542038497493
2023-11-18,24979.43,22292.542038497493
2023-11-19,29556.71,30796.763021471
2023-11-20,29556.71,30796.763021471
2023-11-21,29556.71,30796.763021471
2023-11-22,29556.71,30796.763021471
2023-11-23,29556.71,30796.763021471
2023-11-24,29556.71,30796.763021471
2023-11-25,29556.71,30796.763021471
2023-11-26,33942.0,42724.628681975155
2023-11-27,33942.0,42724.628681975155
2023-11-28,33942.0,42724.628681975155
2023-11-29,33942.0,42724.628681975155
2023-11-30,33942.0,42724.628681975155
2023-12-01,33942.0,42724.628681975155
2023-12-02,33942.0,42724.628681975155
2023-12-03,40222.57,42724.628681975155
2023-12-04,40222.57,42724.628681975155
2023-12-05,40222.57,42724.628681975155
2023-12-06,40222.57,42724.628681975155
2023-12-07,40222.57,42724.628681975155
2023-12-08,40222.57,42724.628681975155
2023-12-09,40222.57,42724.628681975155
2023-12-10,47500.86,42724.628681975155
2023-12-11,47500.86,42724.628681975155
2023-12-12,47500.86,42724.628681975155
2023-12-13,47500.86,42724.628681975155
2023-12-14,47500.86,42724.628681975155
2023-12-15,47500.86,42724.628681975155
2023-12-16,47500.86,42724.628681975155
2023-12-17,54515.14,42724.628681975155
2023-12-18,54515.14,42724.628681975155
2023-12-19,54515.14,42724.628681975155
2023-12-20,54515.14,42724.628681975155
2023-12-21,54515.14,42724.628681975155
2023-12-22,54515.14,42724.628681975155
2023-12-23,54515.14,42724.628681975155
2023-12-24,50933.0,42724.628681975155
2023-12-25,50933.0,42724.628681975155
2023-12-26,50933.0,42724.628681975155
2023-12-27,50933.0,42724.628681975155
2023-12-28,50933.0,42724.628681975155
2023-12-29,50933.0,42724.628681975155
2023-12-30,50933.0,42724.628681975155
2023-12-31,37509.14,42724.628681975155
2024-01-01,37509.14,42724.628681975155
2024-01-02,37509.14,42724.628681975155
2024-01-03,37509.14,42724.628681975155
2024-01-04,37509.14,42724.628681975155
2024-01-05,37509.14,42724.628681975155
2024-01-06,37509.14,42724.628681975155
2024-01-07,28419.43,28955.720622286954
2024-01-08,28419.43,28955.720622286954
2024-01-09,28419.43,28955.720622286954
2024-01-10,28419.43,28955.720622286954
2024-01-11,28419.43,28955.720622286954
2024-01-12,28419.43,28955.720622286954
2024-01-13,28419.43,28955.720622286954
2024-01-14,26785.43,28955.720622286954
2024-01-15,26785.43,28955.720622286954
2024-01-16,26785.43,28955.720622286954
2024-01-17,26785.43,28955.720622286954
2024-01-18,26785.43,15352.605773911659
2024-01-19,26785.43,15352.605773911659
2024-01-20,26785.43,15352.605773911659
2024-01-21,19670.29,15352.605773911659
2024-01-22,19670.29,15352.605773911659
2024-01-23,19670.29,15352.605773911659
2024-01-24,19670.29,15352.605773911659
2024-01-25,19670.29,15352.605773911659
2024-01-26,19670.29,15352.605773911659
2024-01-27,19670.29,15352.605773911659
2024-01-28,16590.57,15352.605773911659
2024-01-29,16590.57,15352.605773911659
2024-01-30,16590.57,15352.605773911659
2024-01-31,16590.57,15352.605773911659
2024-02-01,16590.57,15352.605773911659
2024-02-02,16590.57,15352.605773911659
2024-02-03,16590.57,15352.605773911659
2024-02-04,14314.86,15352.605773911659
2024-02-05,14314.86,15352.605773911659
2024-02-06,14314.86,15352.605773911659
2024-02-07,14314.86,15352.605773911659
2024-02-08,14314.86,15352.605773911659
2024-02-09,14314.86,15352.605773911659
2024-02-10,14314.86,15352.605773911659
2024-02-11,12695.29,15352.605773911659
2024-02-12,12695.29,15352.605773911659
2024-02-13,12695.29,15352.605773911659
2024-02-14,12695.29,15352.605773911659
2024-02-15,12695.29,15352.605773911659
2024-02-16,12695.29,15352.605773911659
2024-02-17,12695.29,15352.605773911659
2024-02-18,11254.86,15352.605773911659
2024-02-19,11254.86,15352.605773911659
2024-02-20,11254.86,15352.605773911659
2024-02-21,11254.86,15352.605773911659
2024-02-22,11254.86,15352.605773911659
2024-02-23,11254.86,15352.605773911659
2024-02-24,11254.86,15352.605773911659
2024-02-25,10936.14,15352.605773911659
2024-02-26,10936.14,15352.605773911659
2024-02-27,10936.14,15352.605773911659
2024-02-28,10936.14,15352.605773911659
2024-02-29,10936.14,15352.605773911659
2024-03-01,10936.14,15352.605773911659
2024-03-02,10936.14,15352.605773911659
2024-03-03,10273.0,10657.10980648766
2024-03-04,10273.0,10657.10980648766
2024-03-05,10273.0,10657.10980648766
2024-03-06,10273.0,10657.10980648766
2024-03-07,10273.0,10657.10980648766
2024-03-08,10273.0,10657.10980648766
2024-03-09,10273.0,10657.10980648766
2024-03-10,8701.0,8564.240159584066
2024-03-11,8701.0,8564.240159584066
2024-03-12,8701.0,8564.240159584066
2024-03-13,8701.0,8564.240159584066
2024-03-14,8701.0,8564.240159584066
2024-03-15,8701.0,8564.240159584066
2024-03-16,8701.0,8564.240159584066
2024-03-17,8282.0,8564.240159584066
2024-03-18,8282.0,8564.240159584066
2024-03-19,8282.0,8564.240159584066
2024-03-20,8282.0,8564.240159584066
2024-03-21,8282.0,8564.240159584066
2024-03-22,8282.0,8564.240159584066
2024-03-23,8282.0,8564.240159584066
2024-03-24,7258.14,8564.240159584066
2024-03-25,7258.14,8564.240159584066
2024-03-26,7258.14,8564.240159584066
2024-03-27,7258.14,8564.240159584066
2024-03-28,7258.14,8564.240159584066
2024-03-29,7258.14,8564.240159584066
2024-03-30,7258.14,8564.240159584066
2024-03-31,16292.29,8564.240159584066
2024-04-01,16292.29,8564.240159584066
2024-04-02,16292.29,8564.240159584066
2024-04-03,16292.29,8564.240159584066
2024-04-04,16292.29,8564.240159584066
2024-04-05,16292.29,8564.240159584066
2024-04-06,16292.29,8564.240159584066
2024-04-07,5771.0,8564.240159584066
2024-04-08,5771.0,8564.240159584066
2024-04-09,5771.0,8564.240159584066
2024-04-10,5771.0,8564.240159584066
2024-04-11,5771.0,8564.240159584066
2024-04-12,5771.0,8564.240159584066
2024-04-13,5771.0,8564.240159584066
2024-04-14,5701.14,8564.240159584066
2024-04-15,5701.14,8564.240159584066
2024-04-16,5701.14,8564.240159584066
2024-04-17,5701.14,8564.240159584066
2024-04-18,5701.14,8564.240159584066
2024-04-19,5701.14,8564.240159584066
2024-04-20,5701.14,8564.240159584066
2024-04-21,4624.29,5175.203651332785
2024-04-22,4624.29,5175.203651332785
2024-04-23,4624.29,5175.203651332785
2024-04-24,4624.29,5175.203651332785
2024-04-25,4624.29,5175.203651332785
2024-04-26,4624.29,5175.203651332785
2024-04-27,4624.29,5175.203651332785
2024-04-28,4966.43,5175.203651332785
2024-04-29,4966.43,5175.203651332785
2024-04-30,4966.43,5175.203651332785
2024-05-01,4966.43,5175.203651332785
2024-05-02,4966.43,4928.718630800371
2024-05-03,4966.43,4928.718630800371
2024-05-04,4966.43,4928.718630800371
2024-05-05,4488.71,4928.718630800371
2024-05-06,4488.71,4928.718630800371
2024-05-07,4488.71,4928.718630800371
2024-05-08,4488.71,4928.718630800371
2024-05-09,4488.71,4928.718630800371
2024-05-10,4488.71,4928.718630800371
2024-05-11,4488.71,4928.718630800371
2024-05-12,4912.71,4928.718630800371
2024-05-13,4912.71,4928.718630800371
2024-05-14,4912.71,4928.718630800371
2024-05-15,4912.71,4928.718630800371
2024-05-16,4912.71,4928.718630800371
2024-05-17,4912.71,4928.718630800371
2024-05-18,4912.71,4928.718630800371
2024-05-19,5449.29,4928.718630800371
2024-05-20,5449.29,4928.718630800371
2024-05-21,5449.29,4928.718630800371
2024-05-22,5449.29,4928.718630800371
2024-05-23,5449.29,4928.718630800371
2024-05-24,5449.29,4928.718630800371
2024-05-25,5449.29,4928.718630800371
2024-05-26,4600.57,4928.718630800371
2024-05-27,4600.57,4928.718630800371
2024-05-28,4600.57,4928.718630800371
2024-05-29,4600.57,4928.718630800371
2024-05-30,4600.57,4928.718630800371
2024-05-31,4600.57,4928.718630800371
2024-06-01,4600.57,4928.718630800371
2024-06-02,4988.0,4928.718630800371
2024-06-03,4988.0,4928.718630800371
2024-06-04,4988.0,4928.718630800371
2024-06-05,4988.0,4928.718630800371
2024-06-06,4988.0,4928.718630800371
2024-06-07,4988.0,4928.718630800371
2024-06-08,4988.0,4928.718630800371
2024-06-09,5109.57,4928.718630800371
2024-06-10,5109.57,4928.718630800371
2024-06-11,5109.57,4928.718630800371
2024-06-12,5109.57,4928.718630800371
2024-06-13,5109.57,4928.718630800371
2024-06-14,5109.57,4928.718630800371
2024-06-15,5109.57,4928.718630800371
2024-06-16,5177.57,5459.979840350398
2024-06-17,5177.57,5459.979840350398
2024-06-18,5177.57,5459.979840350398
2024-06-19,5177.57,5459.979840350398
2024-06-20,5177.57,5459.979840350398
2024-06-21,5177.57,5459.979840350398
2024-06-22,5177.57,5459.979840350398
2024-06-23,5305.14,6761.184269376631
2024-06-24,5305.14,6761.184269376631
2024-06-25,5305.14,6761.184269376631
2024-06-26,5305.14,6761.184269376631
2024-06-27,5305.14,6761.184269376631
2024-06-28,5305.14,6761.184269376631
2024-06-29,5305.14,6761.184269376631
2024-06-30,6643.71,6761.184269376631
2024-07-01,6643.71,6761.184269376631
2024-07-02,6643.71,6761.184269376631
2024-07-03,6643.71,6761.184269376631
2024-07-04,6643.71,6761.184269376631
2024-07-05,6643.71,6761.184269376631
2024-07-06,6643.71,6761.184269376631
2024-07-07,6724.57,6761.184269376631
2024-07-08,6724.57,6761.184269376631
2024-07-09,6724.57,6761.184269376631
2024-07-10,6724.57,6761.184269376631
2024-07-11,6724.57,6761.184269376631
2024-07-12,6724.57,6761.184269376631
2024-07-13,6724.57,6761.184269376631
2024-07-14,6649.57,6761.184269376631
2024-07-15,6649.57,6761.184269376631
2024-07-16,6649.57,6761.184269376631
2024-07-17,6649.57,6761.184269376631
2024-07-18,6649.57,6761.184269376631
2024-07-19,6649.57,6761.184269376631
2024-07-20,6649.57,6761.184269376631
2024-07-21,7439.86,6761.184269376631
2024-07-22,7439.86,6761.184269376631
2024-07-23,7439.86,6761.184269376631
2024-07-24,7439.86,6761.184269376631
2024-07-25,7439.86,6761.184269376631
2024-07-26,7439.86,6761.184269376631
2024-07-27,7439.86,6761.184269376631
2024-07-28,8002.29,6761.184269376631
2024-07-29,8002.29,6761.184269376631
2024-07-30,8002.29,6761.184269376631
2024-07-31,8002.29,6761.184269376631
2024-08-01,8002.29,6761.184269376631
2024-08-02,8002.29,6761.184269376631
2024-08-03,8002.29,6761.184269376631
2024-08-04,6738.43,6761.184269376631
2024-08-05,0.0,7.09839074074074
2024-08-06,0.0,7.09839074074074
2024-08-07,0.0,7.09839074074074
2024-08-08,0.0,7.09839074074074
2024-08-09,0.0,7.09839074074074
2024-08-10,0.0,7.09839074074074
2024-08-11,0.0,7.09839074074074
2024-08-12,0.0,7.09839074074074
2024-08-13,0.0,7.09839074074074
2024-08-14,0.0,7.09839074074074
